split,class,filename,source_label,source_image_path,dataset,license
train,healthy,healthy_0001.jpg,Tomato___healthy,raw/color/Tomato___healthy/fda63621-b0eb-4938-8ec4-8afffc81ddd6___GH_HL Leaf 268.JPG,mohanty/PlantVillage,CC BY-SA 3.0
train,healthy,healthy_0002.jpg,Tomato___healthy,raw/color/Tomato___healthy/541d6033-1cc7-4c86-a37b-423bc08d25a7___RS_HL 9973.JPG,mohanty/PlantVillage,CC BY-SA 3.0
train,healthy,healthy_0003.jpg,Tomato___healthy,raw/color/Tomato___healthy/74463e4f-524e-4dad-a936-b167d6846bcf___RS_HL 9971.JPG,mohanty/PlantVillage,CC BY-SA 3.0
train,healthy,healthy_0004.jpg,Tomato___healthy,raw/color/Tomato___healthy/cb4a744a-1f1d-4cb1-b2a4-f1e1a12426ca___RS_HL 9970.JPG,mohanty/PlantVillage,CC BY-SA 3.0
train,healthy,healthy_0005.jpg,Tomato___healthy,raw/color/Tomato___healthy/9b668abb-fc96-412e-948f-442af45ec580___RS_HL 9972.JPG,mohanty/PlantVillage,CC BY-SA 3.0
train,healthy,healthy_0006.jpg,Tomato___healthy,raw/color/Tomato___healthy/5b626f17-8c30-4b6e-bd66-8da2b7476326___RS_HL 9851.JPG,mohanty/PlantVillage,CC BY-SA 3.0
train,healthy,healthy_0007.jpg,Tomato___healthy,raw/color/Tomato___healthy/98f3de1f-2505-4e4b-94ad-fb16f66f27d8___RS_HL 9852.JPG,mohanty/PlantVillage,CC BY-SA 3.0
train,healthy,healthy_0008.jpg,Tomato___healthy,raw/color/Tomato___healthy/0f20443a-193e-46b1-aea9-7ea614eb98ec___RS_HL 9850.JPG,mohanty/PlantVillage,CC BY-SA 3.0
train,healthy,healthy_0009.jpg,Tomato___healthy,raw/color/Tomato___healthy/9b8f108a-010b-4b8b-98ea-b30cbf62b805___GH_HL Leaf 349.1.JPG,mohanty/PlantVillage,CC BY-SA 3.0
train,healthy,healthy_0010.jpg,Tomato___healthy,raw/color/Tomato___healthy/e1d129fb-f5ae-41e1-b097-445d792e4beb___RS_HL 0473.JPG,mohanty/PlantVillage,CC BY-SA 3.0
train,healthy,healthy_0011.jpg,Tomato___healthy,raw/color/Tomato___healthy/3169aa41-66a8-4f36-ab6e-a5664f5b1839___RS_HL 0471.JPG,mohanty/PlantVillage,CC BY-SA 3.0
train,healthy,healthy_0012.jpg,Tomato___healthy,raw/color/Tomato___healthy/fc5c5672-d1e5-4374-bd99-608d95609a7f___RS_HL 0474.JPG,mohanty/PlantVillage,CC BY-SA 3.0
train,healthy,healthy_0013.jpg,Tomato___healthy,raw/color/Tomato___healthy/41dc5ea4-076f-4539-8cbb-6d4e53371c50___RS_HL 0472.JPG,mohanty/PlantVillage,CC BY-SA 3.0
train,healthy,healthy_0014.jpg,Tomato___healthy,raw/color/Tomato___healthy/b2793705-a666-4ba0-ac9f-3b60fc0bbdf4___RS_HL 0342.JPG,mohanty/PlantVillage,CC BY-SA 3.0
train,healthy,healthy_0015.jpg,Tomato___healthy,raw/color/Tomato___healthy/6a159b17-b233-4b65-ba45-9fbced7f1d39___RS_HL 0339.JPG,mohanty/PlantVillage,CC BY-SA 3.0
train,healthy,healthy_0016.jpg,Tomato___healthy,raw/color/Tomato___healthy/cbdb596e-46a9-4d85-9adf-550b8d2bd7ae___RS_HL 0340.JPG,mohanty/PlantVillage,CC BY-SA 3.0
train,healthy,healthy_0017.jpg,Tomato___healthy,raw/color/Tomato___healthy/460909e5-dd8c-48f9-9a06-6daa2b3d0529___RS_HL 0341.JPG,mohanty/PlantVillage,CC BY-SA 3.0
train,healthy,healthy_0018.jpg,Tomato___healthy,raw/color/Tomato___healthy/4806eef9-06a4-4da8-9327-939641fbb260___RS_HL 9692.JPG,mohanty/PlantVillage,CC BY-SA 3.0
train,healthy,healthy_0019.jpg,Tomato___healthy,raw/color/Tomato___healthy/c1fe17e6-7776-4f80-a048-6095504dd0cf___RS_HL 9690.JPG,mohanty/PlantVillage,CC BY-SA 3.0
train,healthy,healthy_0020.jpg,Tomato___healthy,raw/color/Tomato___healthy/c3dcca18-f12f-4a4d-a90c-563ded6c7df8___RS_HL 9691.JPG,mohanty/PlantVillage,CC BY-SA 3.0
train,healthy,healthy_0021.jpg,Tomato___healthy,raw/color/Tomato___healthy/2a99d5af-218f-4332-a8ce-505301abdbfe___RS_HL 9693.JPG,mohanty/PlantVillage,CC BY-SA 3.0
train,healthy,healthy_0022.jpg,Tomato___healthy,raw/color/Tomato___healthy/09c0d78a-c9ca-4dc4-aa10-e25530890b20___GH_HL Leaf 424.1.JPG,mohanty/PlantVillage,CC BY-SA 3.0
train,healthy,healthy_0023.jpg,Tomato___healthy,raw/color/Tomato___healthy/54059d2e-8903-4cf1-9856-676620a5be93___GH_HL Leaf 484.JPG,mohanty/PlantVillage,CC BY-SA 3.0
train,healthy,healthy_0024.jpg,Tomato___healthy,raw/color/Tomato___healthy/6be1ec13-6964-4706-b94a-069d4a8592cf___GH_HL Leaf 175.1.JPG,mohanty/PlantVillage,CC BY-SA 3.0
train,healthy,healthy_0025.jpg,Tomato___healthy,raw/color/Tomato___healthy/b4a648b8-4132-4bfa-9a7d-13c1a8696c9b___GH_HL Leaf 295.1.JPG,mohanty/PlantVillage,CC BY-SA 3.0
train,healthy,healthy_0026.jpg,Tomato___healthy,raw/color/Tomato___healthy/ec3bb20a-2c19-421b-a4ce-7c06f18914eb___RS_HL 0609.JPG,mohanty/PlantVillage,CC BY-SA 3.0
train,healthy,healthy_0027.jpg,Tomato___healthy,raw/color/Tomato___healthy/b66ce067-f338-4ae5-8f62-578ce164456a___RS_HL 0610.JPG,mohanty/PlantVillage,CC BY-SA 3.0
train,healthy,healthy_0028.jpg,Tomato___healthy,raw/color/Tomato___healthy/6fc5b781-6757-459f-af96-09a67dbcb2bc___RS_HL 0607.JPG,mohanty/PlantVillage,CC BY-SA 3.0
train,healthy,healthy_0029.jpg,Tomato___healthy,raw/color/Tomato___healthy/4af1cf6d-1bae-4e58-9168-2f6105a6fe9a___RS_HL 0608.JPG,mohanty/PlantVillage,CC BY-SA 3.0
train,healthy,healthy_0030.jpg,Tomato___healthy,raw/color/Tomato___healthy/0d789240-9714-4378-8b63-4afb12ddfa44___RS_HL 9735.JPG,mohanty/PlantVillage,CC BY-SA 3.0
train,healthy,healthy_0031.jpg,Tomato___healthy,raw/color/Tomato___healthy/f96987aa-d19d-415b-a68c-73a07a47d521___RS_HL 9736.JPG,mohanty/PlantVillage,CC BY-SA 3.0
train,healthy,healthy_0032.jpg,Tomato___healthy,raw/color/Tomato___healthy/f04f1e27-b6b0-43a6-b5c5-a4ec6d75ed3e___RS_HL 9737.JPG,mohanty/PlantVillage,CC BY-SA 3.0
train,healthy,healthy_0033.jpg,Tomato___healthy,raw/color/Tomato___healthy/6dde71bb-a416-41eb-a629-7b4541e85cfc___RS_HL 9734.JPG,mohanty/PlantVillage,CC BY-SA 3.0
train,healthy,healthy_0034.jpg,Tomato___healthy,raw/color/Tomato___healthy/89d1eade-c42d-410d-a9c3-d37ad7bb60c6___RS_HL 9679.JPG,mohanty/PlantVillage,CC BY-SA 3.0
train,healthy,healthy_0035.jpg,Tomato___healthy,raw/color/Tomato___healthy/07c3c887-da7d-4c81-b6ae-fabd1fb0ba5a___RS_HL 9681.JPG,mohanty/PlantVillage,CC BY-SA 3.0
train,healthy,healthy_0036.jpg,Tomato___healthy,raw/color/Tomato___healthy/84eb25b9-4855-4fde-9a2c-28c2de1bfb22___RS_HL 9680.JPG,mohanty/PlantVillage,CC BY-SA 3.0
train,healthy,healthy_0037.jpg,Tomato___healthy,raw/color/Tomato___healthy/b485c91b-36c7-42be-9572-69327a0ece88___RS_HL 9678.JPG,mohanty/PlantVillage,CC BY-SA 3.0
train,healthy,healthy_0038.jpg,Tomato___healthy,raw/color/Tomato___healthy/68955a6d-9454-49ba-8924-a5ed69dcd820___GH_HL Leaf 276.JPG,mohanty/PlantVillage,CC BY-SA 3.0
train,healthy,healthy_0039.jpg,Tomato___healthy,raw/color/Tomato___healthy/77cd9b9e-9115-46ea-9c85-9744f1793b32___RS_HL 9699.JPG,mohanty/PlantVillage,CC BY-SA 3.0
train,healthy,healthy_0040.jpg,Tomato___healthy,raw/color/Tomato___healthy/1732045f-a451-4325-aa86-717a8cbdaf02___RS_HL 9698.JPG,mohanty/PlantVillage,CC BY-SA 3.0
train,healthy,healthy_0041.jpg,Tomato___healthy,raw/color/Tomato___healthy/06d3fe74-beca-4722-ae07-eeb671b82780___RS_HL 9701.JPG,mohanty/PlantVillage,CC BY-SA 3.0
train,healthy,healthy_0042.jpg,Tomato___healthy,raw/color/Tomato___healthy/e62eacd4-0cba-4793-8c9d-7c97031642a7___RS_HL 9700.JPG,mohanty/PlantVillage,CC BY-SA 3.0
train,healthy,healthy_0043.jpg,Tomato___healthy,raw/color/Tomato___healthy/1317fd49-1819-4065-b3a4-d74f9763c7c4___RS_HL 0252.JPG,mohanty/PlantVillage,CC BY-SA 3.0
train,healthy,healthy_0044.jpg,Tomato___healthy,raw/color/Tomato___healthy/a2bbffab-17fd-4608-8994-28f7a62e3a4f___RS_HL 0251.JPG,mohanty/PlantVillage,CC BY-SA 3.0
train,healthy,healthy_0045.jpg,Tomato___healthy,raw/color/Tomato___healthy/ad270b53-60f2-4d27-8d7a-54d8f60f268b___RS_HL 0253.JPG,mohanty/PlantVillage,CC BY-SA 3.0
train,healthy,healthy_0046.jpg,Tomato___healthy,raw/color/Tomato___healthy/4c3bf302-573e-4240-9d67-60412ea836d0___RS_HL 0254.JPG,mohanty/PlantVillage,CC BY-SA 3.0
train,healthy,healthy_0047.jpg,Tomato___healthy,raw/color/Tomato___healthy/1e1aa3d8-d12f-47e1-b316-b8656ab3f2b6___RS_HL 0075.JPG,mohanty/PlantVillage,CC BY-SA 3.0
train,healthy,healthy_0048.jpg,Tomato___healthy,raw/color/Tomato___healthy/76284899-9c5e-44bf-a160-02649418ec49___RS_HL 0077.JPG,mohanty/PlantVillage,CC BY-SA 3.0
train,healthy,healthy_0049.jpg,Tomato___healthy,raw/color/Tomato___healthy/1c092a12-ed60-42c8-86b4-0427db78a5d3___RS_HL 0076.JPG,mohanty/PlantVillage,CC BY-SA 3.0
train,healthy,healthy_0050.jpg,Tomato___healthy,raw/color/Tomato___healthy/97f4f8ad-c220-43f4-b25e-a6ae315057f0___RS_HL 0078.JPG,mohanty/PlantVillage,CC BY-SA 3.0
train,healthy,healthy_0051.jpg,Tomato___healthy,raw/color/Tomato___healthy/5ecf00da-161c-4e2f-a525-b9223adce0b6___GH_HL Leaf 252.1.JPG,mohanty/PlantVillage,CC BY-SA 3.0
train,healthy,healthy_0052.jpg,Tomato___healthy,raw/color/Tomato___healthy/e66387bd-ae03-4ba8-af0c-533900daa36c___RS_HL 0289.JPG,mohanty/PlantVillage,CC BY-SA 3.0
train,healthy,healthy_0053.jpg,Tomato___healthy,raw/color/Tomato___healthy/522cba8a-8cf7-4d39-a73e-0602ab6fc71f___RS_HL 0288.JPG,mohanty/PlantVillage,CC BY-SA 3.0
train,healthy,healthy_0054.jpg,Tomato___healthy,raw/color/Tomato___healthy/5044fab8-1e1b-4f9c-a477-3ee8497d0c75___RS_HL 0287.JPG,mohanty/PlantVillage,CC BY-SA 3.0
train,healthy,healthy_0055.jpg,Tomato___healthy,raw/color/Tomato___healthy/beaa693e-fa0d-4bde-943a-0a834f251301___RS_HL 0290.JPG,mohanty/PlantVillage,CC BY-SA 3.0
train,healthy,healthy_0056.jpg,Tomato___healthy,raw/color/Tomato___healthy/9aeac2ec-83f4-4348-bc26-8f55b8eb6c52___RS_HL 9817.JPG,mohanty/PlantVillage,CC BY-SA 3.0
train,healthy,healthy_0057.jpg,Tomato___healthy,raw/color/Tomato___healthy/0d615a38-cfa4-45e4-b1b4-9977220e19ca___RS_HL 9815.JPG,mohanty/PlantVillage,CC BY-SA 3.0
train,healthy,healthy_0058.jpg,Tomato___healthy,raw/color/Tomato___healthy/6657a918-63fb-49d1-a74d-8ef6bbb66231___RS_HL 9816.JPG,mohanty/PlantVillage,CC BY-SA 3.0
train,healthy,healthy_0059.jpg,Tomato___healthy,raw/color/Tomato___healthy/eb1f4546-7ba3-4d36-82d2-d5ad42671ae2___RS_HL 9814.JPG,mohanty/PlantVillage,CC BY-SA 3.0
train,healthy,healthy_0060.jpg,Tomato___healthy,raw/color/Tomato___healthy/8a4cf703-385a-4c50-9ce2-a751ae6334e1___RS_HL 9963.JPG,mohanty/PlantVillage,CC BY-SA 3.0
train,tomato_early_blight,tomato_early_blight_0001.jpg,Tomato___Early_blight,raw/color/Tomato___Early_blight/27ba7432-8547-436c-9b97-adf3cbe15575___RS_Erly.B 7544.JPG,mohanty/PlantVillage,CC BY-SA 3.0
train,tomato_early_blight,tomato_early_blight_0002.jpg,Tomato___Early_blight,raw/color/Tomato___Early_blight/c78483c5-424f-4a5f-aab3-5b909b62a7e6___RS_Erly.B 7541.JPG,mohanty/PlantVillage,CC BY-SA 3.0
train,tomato_early_blight,tomato_early_blight_0003.jpg,Tomato___Early_blight,raw/color/Tomato___Early_blight/289972f1-4f80-432d-8f44-39c16ea787c3___RS_Erly.B 7542.JPG,mohanty/PlantVillage,CC BY-SA 3.0
train,tomato_early_blight,tomato_early_blight_0004.jpg,Tomato___Early_blight,raw/color/Tomato___Early_blight/08615b7d-eca7-487e-a9ea-07842ecf81e8___RS_Erly.B 7543.JPG,mohanty/PlantVillage,CC BY-SA 3.0
train,tomato_early_blight,tomato_early_blight_0005.jpg,Tomato___Early_blight,raw/color/Tomato___Early_blight/cc822ace-0411-4ff9-b040-3670031c6467___RS_Erly.B 7553.JPG,mohanty/PlantVillage,CC BY-SA 3.0
train,tomato_early_blight,tomato_early_blight_0006.jpg,Tomato___Early_blight,raw/color/Tomato___Early_blight/d98cdabc-9183-4829-aa46-d40538d25462___RS_Erly.B 7554.JPG,mohanty/PlantVillage,CC BY-SA 3.0
train,tomato_early_blight,tomato_early_blight_0007.jpg,Tomato___Early_blight,raw/color/Tomato___Early_blight/ca7035fa-f55d-49c7-9d89-3d513c8e35b1___RS_Erly.B 7556.JPG,mohanty/PlantVillage,CC BY-SA 3.0
train,tomato_early_blight,tomato_early_blight_0008.jpg,Tomato___Early_blight,raw/color/Tomato___Early_blight/fcf97241-bd84-4829-b326-72590a3f4f59___RS_Erly.B 7555.JPG,mohanty/PlantVillage,CC BY-SA 3.0
train,tomato_early_blight,tomato_early_blight_0009.jpg,Tomato___Early_blight,raw/color/Tomato___Early_blight/5e10503d-8b4e-4215-9128-b92b48fce53d___RS_Erly.B 7559.JPG,mohanty/PlantVillage,CC BY-SA 3.0
train,tomato_early_blight,tomato_early_blight_0010.jpg,Tomato___Early_blight,raw/color/Tomato___Early_blight/7cd27862-7a89-4ffc-bc08-7dfbb24f76d9___RS_Erly.B 7560.JPG,mohanty/PlantVillage,CC BY-SA 3.0
train,tomato_early_blight,tomato_early_blight_0011.jpg,Tomato___Early_blight,raw/color/Tomato___Early_blight/55d4f7b2-17d3-4987-92fe-6aff1a8c4f3a___RS_Erly.B 7558.JPG,mohanty/PlantVillage,CC BY-SA 3.0
train,tomato_early_blight,tomato_early_blight_0012.jpg,Tomato___Early_blight,raw/color/Tomato___Early_blight/71eb9b0a-a7ea-47a0-8108-71949d74e22d___RS_Erly.B 7557.JPG,mohanty/PlantVillage,CC BY-SA 3.0
train,tomato_early_blight,tomato_early_blight_0013.jpg,Tomato___Early_blight,raw/color/Tomato___Early_blight/6873f362-d13b-41f7-a44d-da51875e46f1___RS_Erly.B 9436.JPG,mohanty/PlantVillage,CC BY-SA 3.0
train,tomato_early_blight,tomato_early_blight_0014.jpg,Tomato___Early_blight,raw/color/Tomato___Early_blight/f91230c1-b28c-46fe-ab7a-329fdb689a02___RS_Erly.B 9439.JPG,mohanty/PlantVillage,CC BY-SA 3.0
train,tomato_early_blight,tomato_early_blight_0015.jpg,Tomato___Early_blight,raw/color/Tomato___Early_blight/e9adf635-754d-4bc3-af3d-4b3e1bd81812___RS_Erly.B 9438.JPG,mohanty/PlantVillage,CC BY-SA 3.0
train,tomato_early_blight,tomato_early_blight_0016.jpg,Tomato___Early_blight,raw/color/Tomato___Early_blight/6ccc0cdb-d420-4bc6-9a1a-d195a0521c19___RS_Erly.B 9437.JPG,mohanty/PlantVillage,CC BY-SA 3.0
train,tomato_early_blight,tomato_early_blight_0017.jpg,Tomato___Early_blight,raw/color/Tomato___Early_blight/7b7780c0-f1b2-4095-924c-f3d7777b427e___RS_Erly.B 9613.JPG,mohanty/PlantVillage,CC BY-SA 3.0
train,tomato_early_blight,tomato_early_blight_0018.jpg,Tomato___Early_blight,raw/color/Tomato___Early_blight/f0eb00dc-22da-4c8b-b86d-72157ea9e71d___RS_Erly.B 9610.JPG,mohanty/PlantVillage,CC BY-SA 3.0
train,tomato_early_blight,tomato_early_blight_0019.jpg,Tomato___Early_blight,raw/color/Tomato___Early_blight/3c5b8470-8596-44bf-baa3-164a03e1c818___RS_Erly.B 9611.JPG,mohanty/PlantVillage,CC BY-SA 3.0
train,tomato_early_blight,tomato_early_blight_0020.jpg,Tomato___Early_blight,raw/color/Tomato___Early_blight/13c87a78-0a62-4aff-b6f3-fcbf1a8323e6___RS_Erly.B 9612.JPG,mohanty/PlantVillage,CC BY-SA 3.0
train,tomato_early_blight,tomato_early_blight_0021.jpg,Tomato___Early_blight,raw/color/Tomato___Early_blight/8e4238dc-b4fd-46d0-8892-965e64dad7ab___RS_Erly.B 9404.JPG,mohanty/PlantVillage,CC BY-SA 3.0
train,tomato_early_blight,tomato_early_blight_0022.jpg,Tomato___Early_blight,raw/color/Tomato___Early_blight/c63ff9c7-0422-4a71-8727-7c2581fdee6e___RS_Erly.B 9406.JPG,mohanty/PlantVillage,CC BY-SA 3.0
train,tomato_early_blight,tomato_early_blight_0023.jpg,Tomato___Early_blight,raw/color/Tomato___Early_blight/bef16984-17c5-4796-9496-85808dfa3a56___RS_Erly.B 9405.JPG,mohanty/PlantVillage,CC BY-SA 3.0
train,tomato_early_blight,tomato_early_blight_0024.jpg,Tomato___Early_blight,raw/color/Tomato___Early_blight/fe167aa5-089e-4295-ad85-071819b7b692___RS_Erly.B 9403.JPG,mohanty/PlantVillage,CC BY-SA 3.0
train,tomato_early_blight,tomato_early_blight_0025.jpg,Tomato___Early_blight,raw/color/Tomato___Early_blight/983a04ad-2cc6-4d78-9365-a67012b4ffdc___RS_Erly.B 7661.JPG,mohanty/PlantVillage,CC BY-SA 3.0
train,tomato_early_blight,tomato_early_blight_0026.jpg,Tomato___Early_blight,raw/color/Tomato___Early_blight/04ddbde3-d33c-42bf-b849-dad24d64fd6f___RS_Erly.B 7664.JPG,mohanty/PlantVillage,CC BY-SA 3.0
train,tomato_early_blight,tomato_early_blight_0027.jpg,Tomato___Early_blight,raw/color/Tomato___Early_blight/3069555f-45e9-4208-bc5e-015ce47e34e2___RS_Erly.B 7663.JPG,mohanty/PlantVillage,CC BY-SA 3.0
train,tomato_early_blight,tomato_early_blight_0028.jpg,Tomato___Early_blight,raw/color/Tomato___Early_blight/b857a91a-c6e2-4d47-a025-5a5c3254e0a2___RS_Erly.B 7662.JPG,mohanty/PlantVillage,CC BY-SA 3.0
train,tomato_early_blight,tomato_early_blight_0029.jpg,Tomato___Early_blight,raw/color/Tomato___Early_blight/25b96058-36c9-4213-bb16-088e76cb30b1___RS_Erly.B 9417.JPG,mohanty/PlantVillage,CC BY-SA 3.0
train,tomato_early_blight,tomato_early_blight_0030.jpg,Tomato___Early_blight,raw/color/Tomato___Early_blight/e332b0b1-ed0c-49b0-aad2-da29a8636126___RS_Erly.B 9418.JPG,mohanty/PlantVillage,CC BY-SA 3.0
train,tomato_early_blight,tomato_early_blight_0031.jpg,Tomato___Early_blight,raw/color/Tomato___Early_blight/84fe717f-2161-43c2-ad2f-ee2678a31e9f___RS_Erly.B 9416.JPG,mohanty/PlantVillage,CC BY-SA 3.0
train,tomato_early_blight,tomato_early_blight_0032.jpg,Tomato___Early_blight,raw/color/Tomato___Early_blight/32ae9564-c205-4814-b579-1ebf0d732e7e___RS_Erly.B 9415.JPG,mohanty/PlantVillage,CC BY-SA 3.0
train,tomato_early_blight,tomato_early_blight_0033.jpg,Tomato___Early_blight,raw/color/Tomato___Early_blight/10c1d7a4-bd14-4961-9b96-c7047589eccd___RS_Erly.B 7552.JPG,mohanty/PlantVillage,CC BY-SA 3.0
train,tomato_early_blight,tomato_early_blight_0034.jpg,Tomato___Early_blight,raw/color/Tomato___Early_blight/4aa63e45-c531-40e2-86ca-a788e74d4f18___RS_Erly.B 7549.JPG,mohanty/PlantVillage,CC BY-SA 3.0
train,tomato_early_blight,tomato_early_blight_0035.jpg,Tomato___Early_blight,raw/color/Tomato___Early_blight/fbe86131-6873-460e-880a-6ee8576b6bc9___RS_Erly.B 7551.JPG,mohanty/PlantVillage,CC BY-SA 3.0
train,tomato_early_blight,tomato_early_blight_0036.jpg,Tomato___Early_blight,raw/color/Tomato___Early_blight/a00845f3-9a14-474b-967c-82b7ea7b314f___RS_Erly.B 7550.JPG,mohanty/PlantVillage,CC BY-SA 3.0
train,tomato_early_blight,tomato_early_blight_0037.jpg,Tomato___Early_blight,raw/color/Tomato___Early_blight/e330dc16-fdf9-4eee-8b09-88bfb5537180___RS_Erly.B 7601.JPG,mohanty/PlantVillage,CC BY-SA 3.0
train,tomato_early_blight,tomato_early_blight_0038.jpg,Tomato___Early_blight,raw/color/Tomato___Early_blight/c410d512-4708-49dd-ba8f-efce2796a3f5___RS_Erly.B 7602.JPG,mohanty/PlantVillage,CC BY-SA 3.0
train,tomato_early_blight,tomato_early_blight_0039.jpg,Tomato___Early_blight,raw/color/Tomato___Early_blight/6ceca8a9-a257-4238-a779-bdb0dccc528e___RS_Erly.B 7604.JPG,mohanty/PlantVillage,CC BY-SA 3.0
train,tomato_early_blight,tomato_early_blight_0040.jpg,Tomato___Early_blight,raw/color/Tomato___Early_blight/bd0f06fb-1f9a-4de8-8c96-926d312cea27___RS_Erly.B 7603.JPG,mohanty/PlantVillage,CC BY-SA 3.0
train,tomato_early_blight,tomato_early_blight_0041.jpg,Tomato___Early_blight,raw/color/Tomato___Early_blight/39da27eb-fde9-474b-bf0a-1374901ed82b___RS_Erly.B 7394.JPG,mohanty/PlantVillage,CC BY-SA 3.0
train,tomato_early_blight,tomato_early_blight_0042.jpg,Tomato___Early_blight,raw/color/Tomato___Early_blight/62394305-3fca-4782-ad4a-b5670fcfac61___RS_Erly.B 7395.JPG,mohanty/PlantVillage,CC BY-SA 3.0
train,tomato_early_blight,tomato_early_blight_0043.jpg,Tomato___Early_blight,raw/color/Tomato___Early_blight/fee744d4-d0e5-439d-8b7b-04f8394251e8___RS_Erly.B 7396.JPG,mohanty/PlantVillage,CC BY-SA 3.0
train,tomato_early_blight,tomato_early_blight_0044.jpg,Tomato___Early_blight,raw/color/Tomato___Early_blight/6efab540-3bb1-47fd-b55f-ed447305f500___RS_Erly.B 7397.JPG,mohanty/PlantVillage,CC BY-SA 3.0
train,tomato_early_blight,tomato_early_blight_0045.jpg,Tomato___Early_blight,raw/color/Tomato___Early_blight/9e92ea05-2e0f-42cb-be52-f58745ee9acc___RS_Erly.B 9476.JPG,mohanty/PlantVillage,CC BY-SA 3.0
train,tomato_early_blight,tomato_early_blight_0046.jpg,Tomato___Early_blight,raw/color/Tomato___Early_blight/47465f0e-80ef-4641-b24b-7147dd82596d___RS_Erly.B 9473.JPG,mohanty/PlantVillage,CC BY-SA 3.0
train,tomato_early_blight,tomato_early_blight_0047.jpg,Tomato___Early_blight,raw/color/Tomato___Early_blight/b5c94157-7110-420f-99fc-040594d6ff12___RS_Erly.B 9474.JPG,mohanty/PlantVillage,CC BY-SA 3.0
train,tomato_early_blight,tomato_early_blight_0048.jpg,Tomato___Early_blight,raw/color/Tomato___Early_blight/1e02dbef-ecc2-4c1b-ae5a-b90057505574___RS_Erly.B 9475.JPG,mohanty/PlantVillage,CC BY-SA 3.0
train,tomato_early_blight,tomato_early_blight_0049.jpg,Tomato___Early_blight,raw/color/Tomato___Early_blight/ee7a6de8-1aca-4a55-8c12-69be6277c1c1___RS_Erly.B 9591.JPG,mohanty/PlantVillage,CC BY-SA 3.0
train,tomato_early_blight,tomato_early_blight_0050.jpg,Tomato___Early_blight,raw/color/Tomato___Early_blight/80c3b18f-a436-47f7-9153-2a24197f6b69___RS_Erly.B 9593.JPG,mohanty/PlantVillage,CC BY-SA 3.0
train,tomato_early_blight,tomato_early_blight_0051.jpg,Tomato___Early_blight,raw/color/Tomato___Early_blight/f432e10d-7fd7-4517-b635-cc7677f53d8e___RS_Erly.B 9590.JPG,mohanty/PlantVillage,CC BY-SA 3.0
train,tomato_early_blight,tomato_early_blight_0052.jpg,Tomato___Early_blight,raw/color/Tomato___Early_blight/fbb02290-8863-482f-b898-0ea83a2b2fee___RS_Erly.B 9592.JPG,mohanty/PlantVillage,CC BY-SA 3.0
train,tomato_early_blight,tomato_early_blight_0053.jpg,Tomato___Early_blight,raw/color/Tomato___Early_blight/8039671d-c264-49aa-bfbc-81fabe24b007___RS_Erly.B 9397.JPG,mohanty/PlantVillage,CC BY-SA 3.0
train,tomato_early_blight,tomato_early_blight_0054.jpg,Tomato___Early_blight,raw/color/Tomato___Early_blight/603c6233-8cc0-4bb7-97f3-0e5db1614c63___RS_Erly.B 9398.JPG,mohanty/PlantVillage,CC BY-SA 3.0
train,tomato_early_blight,tomato_early_blight_0055.jpg,Tomato___Early_blight,raw/color/Tomato___Early_blight/30901e71-e656-4e7e-b3ec-0f813c307b88___RS_Erly.B 9396.JPG,mohanty/PlantVillage,CC BY-SA 3.0
train,tomato_early_blight,tomato_early_blight_0056.jpg,Tomato___Early_blight,raw/color/Tomato___Early_blight/2ef629c7-3366-41b5-a1b7-0e3bcb3ac28c___RS_Erly.B 9395.JPG,mohanty/PlantVillage,CC BY-SA 3.0
train,tomato_early_blight,tomato_early_blight_0057.jpg,Tomato___Early_blight,raw/color/Tomato___Early_blight/38685009-d6e6-4b3a-9957-bf049a210cda___RS_Erly.B 7606.JPG,mohanty/PlantVillage,CC BY-SA 3.0
train,tomato_early_blight,tomato_early_blight_0058.jpg,Tomato___Early_blight,raw/color/Tomato___Early_blight/eb2537b2-d6fa-4c70-b919-f90bbe2c65f2___RS_Erly.B 7605.JPG,mohanty/PlantVillage,CC BY-SA 3.0
train,tomato_early_blight,tomato_early_blight_0059.jpg,Tomato___Early_blight,raw/color/Tomato___Early_blight/d3b3f060-60d3-4b72-8797-8406fcf2815f___RS_Erly.B 7607.JPG,mohanty/PlantVillage,CC BY-SA 3.0
train,tomato_early_blight,tomato_early_blight_0060.jpg,Tomato___Early_blight,raw/color/Tomato___Early_blight/f547a0f4-912a-45ec-81aa-371ad12ecacf___RS_Erly.B 7608.JPG,mohanty/PlantVillage,CC BY-SA 3.0
train,bacterial_leaf_spot,bacterial_leaf_spot_0001.jpg,Tomato___Bacterial_spot,raw/color/Tomato___Bacterial_spot/a670a03a-d0f1-4d5c-817b-056746be8bd2___UF.GRC_BS_Lab Leaf 0279.JPG,mohanty/PlantVillage,CC BY-SA 3.0
train,bacterial_leaf_spot,bacterial_leaf_spot_0002.jpg,Tomato___Bacterial_spot,raw/color/Tomato___Bacterial_spot/834e7256-4e64-41bf-93e6-60edba4a1e8a___UF.GRC_BS_Lab Leaf 0286.JPG,mohanty/PlantVillage,CC BY-SA 3.0
train,bacterial_leaf_spot,bacterial_leaf_spot_0003.jpg,Tomato___Bacterial_spot,raw/color/Tomato___Bacterial_spot/2b011bd3-107c-4a83-b961-eb7131d2a76a___UF.GRC_BS_Lab Leaf 0281.JPG,mohanty/PlantVillage,CC BY-SA 3.0
train,bacterial_leaf_spot,bacterial_leaf_spot_0004.jpg,Tomato___Bacterial_spot,raw/color/Tomato___Bacterial_spot/07246956-b38c-4d28-acec-85d032ba989e___UF.GRC_BS_Lab Leaf 0278.JPG,mohanty/PlantVillage,CC BY-SA 3.0
train,bacterial_leaf_spot,bacterial_leaf_spot_0005.jpg,Tomato___Bacterial_spot,raw/color/Tomato___Bacterial_spot/287e0f27-ed49-42b0-b4f2-a8a95ff21dad___GCREC_Bact.Sp 5839.JPG,mohanty/PlantVillage,CC BY-SA 3.0
train,bacterial_leaf_spot,bacterial_leaf_spot_0006.jpg,Tomato___Bacterial_spot,raw/color/Tomato___Bacterial_spot/9fbe6dac-da52-419e-9a57-b56f94d5c910___GCREC_Bact.Sp 5837.JPG,mohanty/PlantVillage,CC BY-SA 3.0
train,bacterial_leaf_spot,bacterial_leaf_spot_0007.jpg,Tomato___Bacterial_spot,raw/color/Tomato___Bacterial_spot/fd464954-3098-4e86-b8fd-065414d96089___GCREC_Bact.Sp 5838.JPG,mohanty/PlantVillage,CC BY-SA 3.0
train,bacterial_leaf_spot,bacterial_leaf_spot_0008.jpg,Tomato___Bacterial_spot,raw/color/Tomato___Bacterial_spot/eff1524b-0ce8-40b6-8d87-d30fb1beb80d___GCREC_Bact.Sp 5836.JPG,mohanty/PlantVillage,CC BY-SA 3.0
train,bacterial_leaf_spot,bacterial_leaf_spot_0009.jpg,Tomato___Bacterial_spot,raw/color/Tomato___Bacterial_spot/2fa6fe6b-a7dc-471e-a878-b8d8e0121126___GCREC_Bact.Sp 3159.JPG,mohanty/PlantVillage,CC BY-SA 3.0
train,bacterial_leaf_spot,bacterial_leaf_spot_0010.jpg,Tomato___Bacterial_spot,raw/color/Tomato___Bacterial_spot/35411663-291f-4dbd-a89f-7d9c8eb01d56___GCREC_Bact.Sp 3158.JPG,mohanty/PlantVillage,CC BY-SA 3.0
train,bacterial_leaf_spot,bacterial_leaf_spot_0011.jpg,Tomato___Bacterial_spot,raw/color/Tomato___Bacterial_spot/e87962ec-4dae-4c6c-8233-620e40acf137___GCREC_Bact.Sp 3160.JPG,mohanty/PlantVillage,CC BY-SA 3.0
train,bacterial_leaf_spot,bacterial_leaf_spot_0012.jpg,Tomato___Bacterial_spot,raw/color/Tomato___Bacterial_spot/eae84e72-e82f-4390-bd24-ebace76e1422___GCREC_Bact.Sp 3161.JPG,mohanty/PlantVillage,CC BY-SA 3.0
train,bacterial_leaf_spot,bacterial_leaf_spot_0013.jpg,Tomato___Bacterial_spot,raw/color/Tomato___Bacterial_spot/ef588b6e-ce90-4648-b1a4-990dc7dca22d___UF.GRC_BS_Lab Leaf 9288.JPG,mohanty/PlantVillage,CC BY-SA 3.0
train,bacterial_leaf_spot,bacterial_leaf_spot_0014.jpg,Tomato___Bacterial_spot,raw/color/Tomato___Bacterial_spot/a8e2a35e-8392-44cb-9b1d-da43d9127f88___UF.GRC_BS_Lab Leaf 9284.JPG,mohanty/PlantVillage,CC BY-SA 3.0
train,bacterial_leaf_spot,bacterial_leaf_spot_0015.jpg,Tomato___Bacterial_spot,raw/color/Tomato___Bacterial_spot/c54f03c5-9eef-4036-bff3-49b3a3867b88___UF.GRC_BS_Lab Leaf 9279.JPG,mohanty/PlantVillage,CC BY-SA 3.0
train,bacterial_leaf_spot,bacterial_leaf_spot_0016.jpg,Tomato___Bacterial_spot,raw/color/Tomato___Bacterial_spot/970fcaf8-57a8-4219-810b-291ef0283e7a___UF.GRC_BS_Lab Leaf 9285.JPG,mohanty/PlantVillage,CC BY-SA 3.0
train,bacterial_leaf_spot,bacterial_leaf_spot_0017.jpg,Tomato___Bacterial_spot,raw/color/Tomato___Bacterial_spot/b0a3026d-9c2e-4615-9e1a-0f14c27632bb___GCREC_Bact.Sp 5902.JPG,mohanty/PlantVillage,CC BY-SA 3.0
train,bacterial_leaf_spot,bacterial_leaf_spot_0018.jpg,Tomato___Bacterial_spot,raw/color/Tomato___Bacterial_spot/8a440254-30e5-4381-8294-e2513347d7c1___GCREC_Bact.Sp 5901.JPG,mohanty/PlantVillage,CC BY-SA 3.0
train,bacterial_leaf_spot,bacterial_leaf_spot_0019.jpg,Tomato___Bacterial_spot,raw/color/Tomato___Bacterial_spot/2c292d57-d2c0-4147-a551-618f1368f72e___GCREC_Bact.Sp 5903.JPG,mohanty/PlantVillage,CC BY-SA 3.0
train,bacterial_leaf_spot,bacterial_leaf_spot_0020.jpg,Tomato___Bacterial_spot,raw/color/Tomato___Bacterial_spot/922416fb-0c08-4edd-894b-bbea0ba183f3___GCREC_Bact.Sp 5900.JPG,mohanty/PlantVillage,CC BY-SA 3.0
train,bacterial_leaf_spot,bacterial_leaf_spot_0021.jpg,Tomato___Bacterial_spot,raw/color/Tomato___Bacterial_spot/7218c0f5-1083-4b2d-b0da-4c32edb279de___GCREC_Bact.Sp 3286.JPG,mohanty/PlantVillage,CC BY-SA 3.0
train,bacterial_leaf_spot,bacterial_leaf_spot_0022.jpg,Tomato___Bacterial_spot,raw/color/Tomato___Bacterial_spot/8d1daa35-ff4d-4c3d-80b5-511a8034750a___GCREC_Bact.Sp 3289.JPG,mohanty/PlantVillage,CC BY-SA 3.0
train,bacterial_leaf_spot,bacterial_leaf_spot_0023.jpg,Tomato___Bacterial_spot,raw/color/Tomato___Bacterial_spot/dabf464f-af7f-4fdb-b598-ebc369968706___GCREC_Bact.Sp 3287.JPG,mohanty/PlantVillage,CC BY-SA 3.0
train,bacterial_leaf_spot,bacterial_leaf_spot_0024.jpg,Tomato___Bacterial_spot,raw/color/Tomato___Bacterial_spot/3a08d08d-9820-492b-a99f-eb19147724b7___GCREC_Bact.Sp 3288.JPG,mohanty/PlantVillage,CC BY-SA 3.0
train,bacterial_leaf_spot,bacterial_leaf_spot_0025.jpg,Tomato___Bacterial_spot,raw/color/Tomato___Bacterial_spot/9981b824-96f2-4fc7-834b-4299efcdfab3___GCREC_Bact.Sp 5865.JPG,mohanty/PlantVillage,CC BY-SA 3.0
train,bacterial_leaf_spot,bacterial_leaf_spot_0026.jpg,Tomato___Bacterial_spot,raw/color/Tomato___Bacterial_spot/afa683b3-63de-43c1-81c6-deb8210b0d47___GCREC_Bact.Sp 5867.JPG,mohanty/PlantVillage,CC BY-SA 3.0
train,bacterial_leaf_spot,bacterial_leaf_spot_0027.jpg,Tomato___Bacterial_spot,raw/color/Tomato___Bacterial_spot/b0827469-6ac0-4a9e-baca-ac4763b00f95___GCREC_Bact.Sp 5866.JPG,mohanty/PlantVillage,CC BY-SA 3.0
train,bacterial_leaf_spot,bacterial_leaf_spot_0028.jpg,Tomato___Bacterial_spot,raw/color/Tomato___Bacterial_spot/b658ae6e-bdd0-4e49-8709-aa6afcb95c22___GCREC_Bact.Sp 5864.JPG,mohanty/PlantVillage,CC BY-SA 3.0
train,bacterial_leaf_spot,bacterial_leaf_spot_0029.jpg,Tomato___Bacterial_spot,raw/color/Tomato___Bacterial_spot/6e5eb669-4238-4778-aa8d-15b6360d88bd___GCREC_Bact.Sp 5574.JPG,mohanty/PlantVillage,CC BY-SA 3.0
train,bacterial_leaf_spot,bacterial_leaf_spot_0030.jpg,Tomato___Bacterial_spot,raw/color/Tomato___Bacterial_spot/1e0582c9-3b55-4aaf-b63b-f223c13eac86___GCREC_Bact.Sp 5571.JPG,mohanty/PlantVillage,CC BY-SA 3.0
train,bacterial_leaf_spot,bacterial_leaf_spot_0031.jpg,Tomato___Bacterial_spot,raw/color/Tomato___Bacterial_spot/eabc7def-52d6-4383-8d81-ffbe7beedce8___GCREC_Bact.Sp 5572.JPG,mohanty/PlantVillage,CC BY-SA 3.0
train,bacterial_leaf_spot,bacterial_leaf_spot_0032.jpg,Tomato___Bacterial_spot,raw/color/Tomato___Bacterial_spot/abf9d7f0-be8e-4294-bf19-d60270e3a50d___GCREC_Bact.Sp 5573.JPG,mohanty/PlantVillage,CC BY-SA 3.0
train,bacterial_leaf_spot,bacterial_leaf_spot_0033.jpg,Tomato___Bacterial_spot,raw/color/Tomato___Bacterial_spot/72617b0d-a051-4296-a577-5cfd1539d1a9___GCREC_Bact.Sp 2960.JPG,mohanty/PlantVillage,CC BY-SA 3.0
train,bacterial_leaf_spot,bacterial_leaf_spot_0034.jpg,Tomato___Bacterial_spot,raw/color/Tomato___Bacterial_spot/fc48610a-675f-4fdf-998d-5d877c909550___GCREC_Bact.Sp 2959.JPG,mohanty/PlantVillage,CC BY-SA 3.0
train,bacterial_leaf_spot,bacterial_leaf_spot_0035.jpg,Tomato___Bacterial_spot,raw/color/Tomato___Bacterial_spot/ae7425b4-aaae-44e0-ae8e-19623a66ed70___GCREC_Bact.Sp 2958.JPG,mohanty/PlantVillage,CC BY-SA 3.0
train,bacterial_leaf_spot,bacterial_leaf_spot_0036.jpg,Tomato___Bacterial_spot,raw/color/Tomato___Bacterial_spot/dfce64d1-9954-4922-8beb-2681e2e6b896___GCREC_Bact.Sp 2961.JPG,mohanty/PlantVillage,CC BY-SA 3.0
train,bacterial_leaf_spot,bacterial_leaf_spot_0037.jpg,Tomato___Bacterial_spot,raw/color/Tomato___Bacterial_spot/99d9e67d-e547-428f-9a2b-41017bd36d67___GCREC_Bact.Sp 3375.JPG,mohanty/PlantVillage,CC BY-SA 3.0
train,bacterial_leaf_spot,bacterial_leaf_spot_0038.jpg,Tomato___Bacterial_spot,raw/color/Tomato___Bacterial_spot/13fac2e9-a25f-4ac1-89c4-adbd143bb0a1___GCREC_Bact.Sp 3376.JPG,mohanty/PlantVillage,CC BY-SA 3.0
train,bacterial_leaf_spot,bacterial_leaf_spot_0039.jpg,Tomato___Bacterial_spot,raw/color/Tomato___Bacterial_spot/4e726fa5-592c-4e69-a29e-4fc466d82597___GCREC_Bact.Sp 3377.JPG,mohanty/PlantVillage,CC BY-SA 3.0
train,bacterial_leaf_spot,bacterial_leaf_spot_0040.jpg,Tomato___Bacterial_spot,raw/color/Tomato___Bacterial_spot/72c74c30-e843-42f3-9088-5c3b38e4b736___GCREC_Bact.Sp 3374.JPG,mohanty/PlantVillage,CC BY-SA 3.0
train,bacterial_leaf_spot,bacterial_leaf_spot_0041.jpg,Tomato___Bacterial_spot,raw/color/Tomato___Bacterial_spot/78b53dfd-6959-49f2-99a3-b4baa586198d___GCREC_Bact.Sp 6324.JPG,mohanty/PlantVillage,CC BY-SA 3.0
train,bacterial_leaf_spot,bacterial_leaf_spot_0042.jpg,Tomato___Bacterial_spot,raw/color/Tomato___Bacterial_spot/03c8e0d0-6c57-4207-ad44-4d017c3e7943___GCREC_Bact.Sp 6325.JPG,mohanty/PlantVillage,CC BY-SA 3.0
train,bacterial_leaf_spot,bacterial_leaf_spot_0043.jpg,Tomato___Bacterial_spot,raw/color/Tomato___Bacterial_spot/ae471cad-5e5b-4325-a831-bdfe5c005cab___GCREC_Bact.Sp 6323.JPG,mohanty/PlantVillage,CC BY-SA 3.0
train,bacterial_leaf_spot,bacterial_leaf_spot_0044.jpg,Tomato___Bacterial_spot,raw/color/Tomato___Bacterial_spot/00728f4d-83a0-49f1-87f8-374646fcda05___GCREC_Bact.Sp 6326.JPG,mohanty/PlantVillage,CC BY-SA 3.0
train,bacterial_leaf_spot,bacterial_leaf_spot_0045.jpg,Tomato___Bacterial_spot,raw/color/Tomato___Bacterial_spot/9c3a4307-482e-4323-9a3d-00ebadb616d2___UF.GRC_BS_Lab Leaf 0751.JPG,mohanty/PlantVillage,CC BY-SA 3.0
train,bacterial_leaf_spot,bacterial_leaf_spot_0046.jpg,Tomato___Bacterial_spot,raw/color/Tomato___Bacterial_spot/99044ddb-da2a-4b32-bc11-67e57cb2b807___UF.GRC_BS_Lab Leaf 0749.JPG,mohanty/PlantVillage,CC BY-SA 3.0
train,bacterial_leaf_spot,bacterial_leaf_spot_0047.jpg,Tomato___Bacterial_spot,raw/color/Tomato___Bacterial_spot/a7b44387-9845-46b5-b520-5a7420efee98___UF.GRC_BS_Lab Leaf 0763.JPG,mohanty/PlantVillage,CC BY-SA 3.0
train,bacterial_leaf_spot,bacterial_leaf_spot_0048.jpg,Tomato___Bacterial_spot,raw/color/Tomato___Bacterial_spot/612a4230-6e25-4506-a91c-86854d203205___UF.GRC_BS_Lab Leaf 0756.JPG,mohanty/PlantVillage,CC BY-SA 3.0
train,bacterial_leaf_spot,bacterial_leaf_spot_0049.jpg,Tomato___Bacterial_spot,raw/color/Tomato___Bacterial_spot/35bec389-2983-44f6-8bd5-d70e77cda204___GCREC_Bact.Sp 5617.JPG,mohanty/PlantVillage,CC BY-SA 3.0
train,bacterial_leaf_spot,bacterial_leaf_spot_0050.jpg,Tomato___Bacterial_spot,raw/color/Tomato___Bacterial_spot/611c6fa8-d805-4956-a786-2a4522c59f71___GCREC_Bact.Sp 5616.JPG,mohanty/PlantVillage,CC BY-SA 3.0
train,bacterial_leaf_spot,bacterial_leaf_spot_0051.jpg,Tomato___Bacterial_spot,raw/color/Tomato___Bacterial_spot/fae0f0ee-3a9a-403f-b95f-97caa0efaabd___GCREC_Bact.Sp 5615.JPG,mohanty/PlantVillage,CC BY-SA 3.0
train,bacterial_leaf_spot,bacterial_leaf_spot_0052.jpg,Tomato___Bacterial_spot,raw/color/Tomato___Bacterial_spot/744d7841-7130-4c98-b20f-0f6581115783___GCREC_Bact.Sp 5618.JPG,mohanty/PlantVillage,CC BY-SA 3.0
train,bacterial_leaf_spot,bacterial_leaf_spot_0053.jpg,Tomato___Bacterial_spot,raw/color/Tomato___Bacterial_spot/f2ea99a2-3e21-45ff-adf0-b7cfdd955d68___GCREC_Bact.Sp 5959.JPG,mohanty/PlantVillage,CC BY-SA 3.0
train,bacterial_leaf_spot,bacterial_leaf_spot_0054.jpg,Tomato___Bacterial_spot,raw/color/Tomato___Bacterial_spot/6a4a7ca5-06c2-44b6-b08c-073d94a01db4___GCREC_Bact.Sp 5960.JPG,mohanty/PlantVillage,CC BY-SA 3.0
train,bacterial_leaf_spot,bacterial_leaf_spot_0055.jpg,Tomato___Bacterial_spot,raw/color/Tomato___Bacterial_spot/833f13d8-0efb-4138-9d76-953ba4a88553___GCREC_Bact.Sp 5962.JPG,mohanty/PlantVillage,CC BY-SA 3.0
train,bacterial_leaf_spot,bacterial_leaf_spot_0056.jpg,Tomato___Bacterial_spot,raw/color/Tomato___Bacterial_spot/6094d3ab-4af9-4b2e-b286-ab9a46a74097___GCREC_Bact.Sp 5961.JPG,mohanty/PlantVillage,CC BY-SA 3.0
train,bacterial_leaf_spot,bacterial_leaf_spot_0057.jpg,Tomato___Bacterial_spot,raw/color/Tomato___Bacterial_spot/40bca704-2943-470c-8f5d-eda44b258b20___GCREC_Bact.Sp 3769.JPG,mohanty/PlantVillage,CC BY-SA 3.0
train,bacterial_leaf_spot,bacterial_leaf_spot_0058.jpg,Tomato___Bacterial_spot,raw/color/Tomato___Bacterial_spot/f35d15fe-0e89-45a0-b2c2-81bbc6173915___GCREC_Bact.Sp 3766.JPG,mohanty/PlantVillage,CC BY-SA 3.0
train,bacterial_leaf_spot,bacterial_leaf_spot_0059.jpg,Tomato___Bacterial_spot,raw/color/Tomato___Bacterial_spot/4d33be8c-151b-4d2b-960f-f15ef077d4cc___GCREC_Bact.Sp 3767.JPG,mohanty/PlantVillage,CC BY-SA 3.0
train,bacterial_leaf_spot,bacterial_leaf_spot_0060.jpg,Tomato___Bacterial_spot,raw/color/Tomato___Bacterial_spot/fbcddd00-575a-4569-9e41-5a73dda710f9___GCREC_Bact.Sp 3768.JPG,mohanty/PlantVillage,CC BY-SA 3.0
train,tomato_septoria_leaf_spot,tomato_septoria_leaf_spot_0001.jpg,Tomato___Septoria_leaf_spot,raw/color/Tomato___Septoria_leaf_spot/862cca81-2acd-4a2b-89aa-bd01d9524d7b___JR_Sept.L.S 2577.JPG,mohanty/PlantVillage,CC BY-SA 3.0
train,tomato_septoria_leaf_spot,tomato_septoria_leaf_spot_0002.jpg,Tomato___Septoria_leaf_spot,raw/color/Tomato___Septoria_leaf_spot/04840559-16ed-4f17-908b-2048ba83ab80___Keller.St_CG 1780.JPG,mohanty/PlantVillage,CC BY-SA 3.0
train,tomato_septoria_leaf_spot,tomato_septoria_leaf_spot_0003.jpg,Tomato___Septoria_leaf_spot,raw/color/Tomato___Septoria_leaf_spot/13d82f96-ac84-4176-abf9-f1fbaac4aabd___Matt.S_CG 0989.JPG,mohanty/PlantVillage,CC BY-SA 3.0
train,tomato_septoria_leaf_spot,tomato_septoria_leaf_spot_0004.jpg,Tomato___Septoria_leaf_spot,raw/color/Tomato___Septoria_leaf_spot/2e129fc6-f9d3-41d3-a562-c69e72871006___Matt.S_CG 0982.JPG,mohanty/PlantVillage,CC BY-SA 3.0
train,tomato_septoria_leaf_spot,tomato_septoria_leaf_spot_0005.jpg,Tomato___Septoria_leaf_spot,raw/color/Tomato___Septoria_leaf_spot/13bc2fc9-24ab-44c5-bf5d-ea0d1a68798f___Matt.S_CG 0980.JPG,mohanty/PlantVillage,CC BY-SA 3.0
train,tomato_septoria_leaf_spot,tomato_septoria_leaf_spot_0006.jpg,Tomato___Septoria_leaf_spot,raw/color/Tomato___Septoria_leaf_spot/a7c4ec00-e9fb-4f44-af56-5bb6e7b73e3c___Matt.S_CG 0978.JPG,mohanty/PlantVillage,CC BY-SA 3.0
train,tomato_septoria_leaf_spot,tomato_septoria_leaf_spot_0007.jpg,Tomato___Septoria_leaf_spot,raw/color/Tomato___Septoria_leaf_spot/4a0b5c52-3bd4-4f31-836d-5bf512587a3e___Matt.S_CG 6300.JPG,mohanty/PlantVillage,CC BY-SA 3.0
train,tomato_septoria_leaf_spot,tomato_septoria_leaf_spot_0008.jpg,Tomato___Septoria_leaf_spot,raw/color/Tomato___Septoria_leaf_spot/b029df2d-8ca4-40e4-98d3-72432599d4a2___Matt.S_CG 6306.JPG,mohanty/PlantVillage,CC BY-SA 3.0
train,tomato_septoria_leaf_spot,tomato_septoria_leaf_spot_0009.jpg,Tomato___Septoria_leaf_spot,raw/color/Tomato___Septoria_leaf_spot/e93fc6c6-ec9c-485a-91ab-e68aa2dfec16___Matt.S_CG 6307.JPG,mohanty/PlantVillage,CC BY-SA 3.0
train,tomato_septoria_leaf_spot,tomato_septoria_leaf_spot_0010.jpg,Tomato___Septoria_leaf_spot,raw/color/Tomato___Septoria_leaf_spot/41efe5a6-94ca-4761-8543-fd42b09dc4a8___Matt.S_CG 6303.JPG,mohanty/PlantVillage,CC BY-SA 3.0
train,tomato_septoria_leaf_spot,tomato_septoria_leaf_spot_0011.jpg,Tomato___Septoria_leaf_spot,raw/color/Tomato___Septoria_leaf_spot/d43c1014-1f3d-4e80-bd34-e1f5243ac21e___JR_Sept.L.S 2664.JPG,mohanty/PlantVillage,CC BY-SA 3.0
train,tomato_septoria_leaf_spot,tomato_septoria_leaf_spot_0012.jpg,Tomato___Septoria_leaf_spot,raw/color/Tomato___Septoria_leaf_spot/dd13c3ba-56a9-4064-b80d-79455969f651___JR_Sept.L.S 8442.JPG,mohanty/PlantVillage,CC BY-SA 3.0
train,tomato_septoria_leaf_spot,tomato_septoria_leaf_spot_0013.jpg,Tomato___Septoria_leaf_spot,raw/color/Tomato___Septoria_leaf_spot/e0680a92-8dcf-42b4-853e-1d6a8d1d8ae2___Matt.S_CG 7510.JPG,mohanty/PlantVillage,CC BY-SA 3.0
train,tomato_septoria_leaf_spot,tomato_septoria_leaf_spot_0014.jpg,Tomato___Septoria_leaf_spot,raw/color/Tomato___Septoria_leaf_spot/f5f9f526-893f-467f-8345-75f707456b3a___Matt.S_CG 7511.JPG,mohanty/PlantVillage,CC BY-SA 3.0
train,tomato_septoria_leaf_spot,tomato_septoria_leaf_spot_0015.jpg,Tomato___Septoria_leaf_spot,raw/color/Tomato___Septoria_leaf_spot/a45b192c-f31e-4ca1-bf4a-10ff1060e658___Matt.S_CG 7512.JPG,mohanty/PlantVillage,CC BY-SA 3.0
train,tomato_septoria_leaf_spot,tomato_septoria_leaf_spot_0016.jpg,Tomato___Septoria_leaf_spot,raw/color/Tomato___Septoria_leaf_spot/eefa43ba-728d-42e7-96c3-a032c9542f94___Matt.S_CG 7508.JPG,mohanty/PlantVillage,CC BY-SA 3.0
train,tomato_septoria_leaf_spot,tomato_septoria_leaf_spot_0017.jpg,Tomato___Septoria_leaf_spot,raw/color/Tomato___Septoria_leaf_spot/b9f908ad-b621-476a-9d0f-bc7ca4f0f7da___JR_Sept.L.S 2584.JPG,mohanty/PlantVillage,CC BY-SA 3.0
train,tomato_septoria_leaf_spot,tomato_septoria_leaf_spot_0018.jpg,Tomato___Septoria_leaf_spot,raw/color/Tomato___Septoria_leaf_spot/8e31852e-12b6-413d-9f09-c4d7608326b5___JR_Sept.L.S 2487.JPG,mohanty/PlantVillage,CC BY-SA 3.0
train,tomato_septoria_leaf_spot,tomato_septoria_leaf_spot_0019.jpg,Tomato___Septoria_leaf_spot,raw/color/Tomato___Septoria_leaf_spot/d5380a5d-03bb-46d1-ae25-b245f3eec822___Matt.S_CG 7626.JPG,mohanty/PlantVillage,CC BY-SA 3.0
train,tomato_septoria_leaf_spot,tomato_septoria_leaf_spot_0020.jpg,Tomato___Septoria_leaf_spot,raw/color/Tomato___Septoria_leaf_spot/da64984c-9a45-423d-9017-bef99b331c52___Matt.S_CG 7629.JPG,mohanty/PlantVillage,CC BY-SA 3.0
train,tomato_septoria_leaf_spot,tomato_septoria_leaf_spot_0021.jpg,Tomato___Septoria_leaf_spot,raw/color/Tomato___Septoria_leaf_spot/f9817507-b3a3-4072-aad8-1b9afc3dc45a___Matt.S_CG 7628.JPG,mohanty/PlantVillage,CC BY-SA 3.0
train,tomato_septoria_leaf_spot,tomato_septoria_leaf_spot_0022.jpg,Tomato___Septoria_leaf_spot,raw/color/Tomato___Septoria_leaf_spot/d2d13290-3e84-4c25-adcf-aa68bc6d70ba___Matt.S_CG 7630.JPG,mohanty/PlantVillage,CC BY-SA 3.0
train,tomato_septoria_leaf_spot,tomato_septoria_leaf_spot_0023.jpg,Tomato___Septoria_leaf_spot,raw/color/Tomato___Septoria_leaf_spot/f2b26169-0854-4c81-8d40-814c4d5f40b6___Matt.S_CG 7542.JPG,mohanty/PlantVillage,CC BY-SA 3.0
train,tomato_septoria_leaf_spot,tomato_septoria_leaf_spot_0024.jpg,Tomato___Septoria_leaf_spot,raw/color/Tomato___Septoria_leaf_spot/3138a911-db1c-4462-a282-ec266c555c07___Matt.S_CG 7541.JPG,mohanty/PlantVillage,CC BY-SA 3.0
train,tomato_septoria_leaf_spot,tomato_septoria_leaf_spot_0025.jpg,Tomato___Septoria_leaf_spot,raw/color/Tomato___Septoria_leaf_spot/7117f7b8-7635-4e6d-b687-d0c82a062f6c___Matt.S_CG 7544.JPG,mohanty/PlantVillage,CC BY-SA 3.0
train,tomato_septoria_leaf_spot,tomato_septoria_leaf_spot_0026.jpg,Tomato___Septoria_leaf_spot,raw/color/Tomato___Septoria_leaf_spot/fef6e580-b1a6-4093-829d-73472fc5c9f9___Matt.S_CG 7545.JPG,mohanty/PlantVillage,CC BY-SA 3.0
train,tomato_septoria_leaf_spot,tomato_septoria_leaf_spot_0027.jpg,Tomato___Septoria_leaf_spot,raw/color/Tomato___Septoria_leaf_spot/83e998a6-37f5-47f1-9da5-165c3a4c19fd___Matt.S_CG 6137.JPG,mohanty/PlantVillage,CC BY-SA 3.0
train,tomato_septoria_leaf_spot,tomato_septoria_leaf_spot_0028.jpg,Tomato___Septoria_leaf_spot,raw/color/Tomato___Septoria_leaf_spot/173f882f-3ba1-49d2-ab0d-ca8232baf2a5___Matt.S_CG 6133.JPG,mohanty/PlantVillage,CC BY-SA 3.0
train,tomato_septoria_leaf_spot,tomato_septoria_leaf_spot_0029.jpg,Tomato___Septoria_leaf_spot,raw/color/Tomato___Septoria_leaf_spot/e32420bf-2fb6-43ae-8b09-eb7aa6862a23___Matt.S_CG 6139.JPG,mohanty/PlantVillage,CC BY-SA 3.0
train,tomato_septoria_leaf_spot,tomato_septoria_leaf_spot_0030.jpg,Tomato___Septoria_leaf_spot,raw/color/Tomato___Septoria_leaf_spot/a654c03b-c0d9-4605-9e21-a91a19ce0466___Matt.S_CG 6135.JPG,mohanty/PlantVillage,CC BY-SA 3.0
train,tomato_septoria_leaf_spot,tomato_septoria_leaf_spot_0031.jpg,Tomato___Septoria_leaf_spot,raw/color/Tomato___Septoria_leaf_spot/4b712088-62f3-43ff-8358-6f07279f0b8c___Keller.St_CG 1961.JPG,mohanty/PlantVillage,CC BY-SA 3.0
train,tomato_septoria_leaf_spot,tomato_septoria_leaf_spot_0032.jpg,Tomato___Septoria_leaf_spot,raw/color/Tomato___Septoria_leaf_spot/5a79c447-4d9d-4daf-81a6-c23a00480a93___Matt.S_CG 2473.JPG,mohanty/PlantVillage,CC BY-SA 3.0
train,tomato_septoria_leaf_spot,tomato_septoria_leaf_spot_0033.jpg,Tomato___Septoria_leaf_spot,raw/color/Tomato___Septoria_leaf_spot/9875f865-913e-4afa-a0f7-31395c7eab75___Matt.S_CG 2470.JPG,mohanty/PlantVillage,CC BY-SA 3.0
train,tomato_septoria_leaf_spot,tomato_septoria_leaf_spot_0034.jpg,Tomato___Septoria_leaf_spot,raw/color/Tomato___Septoria_leaf_spot/c55b187d-939e-4394-8306-d310764c30f6___Matt.S_CG 2479.JPG,mohanty/PlantVillage,CC BY-SA 3.0
train,tomato_septoria_leaf_spot,tomato_septoria_leaf_spot_0035.jpg,Tomato___Septoria_leaf_spot,raw/color/Tomato___Septoria_leaf_spot/1f8a9dd1-e501-430d-9c80-7eaf0904961c___Matt.S_CG 2477.JPG,mohanty/PlantVillage,CC BY-SA 3.0
train,tomato_septoria_leaf_spot,tomato_septoria_leaf_spot_0036.jpg,Tomato___Septoria_leaf_spot,raw/color/Tomato___Septoria_leaf_spot/db3eb90c-cdbe-42d5-8822-5ed9cbda10fa___Matt.S_CG 1455.JPG,mohanty/PlantVillage,CC BY-SA 3.0
train,tomato_septoria_leaf_spot,tomato_septoria_leaf_spot_0037.jpg,Tomato___Septoria_leaf_spot,raw/color/Tomato___Septoria_leaf_spot/351f1c94-36f5-44a6-9cc2-0766e8db5cfd___Matt.S_CG 1465.JPG,mohanty/PlantVillage,CC BY-SA 3.0
train,tomato_septoria_leaf_spot,tomato_septoria_leaf_spot_0038.jpg,Tomato___Septoria_leaf_spot,raw/color/Tomato___Septoria_leaf_spot/110ae57c-f1e0-4a19-be00-4254fa7df22b___Matt.S_CG 1462.JPG,mohanty/PlantVillage,CC BY-SA 3.0
train,tomato_septoria_leaf_spot,tomato_septoria_leaf_spot_0039.jpg,Tomato___Septoria_leaf_spot,raw/color/Tomato___Septoria_leaf_spot/4848d6d3-1fa7-4da1-929b-b8a362e016c3___Matt.S_CG 1460.JPG,mohanty/PlantVillage,CC BY-SA 3.0
train,tomato_septoria_leaf_spot,tomato_septoria_leaf_spot_0040.jpg,Tomato___Septoria_leaf_spot,raw/color/Tomato___Septoria_leaf_spot/e26a1f0a-354d-44a6-bc28-623e77112af3___Keller.St_CG 1916.JPG,mohanty/PlantVillage,CC BY-SA 3.0
train,tomato_septoria_leaf_spot,tomato_septoria_leaf_spot_0041.jpg,Tomato___Septoria_leaf_spot,raw/color/Tomato___Septoria_leaf_spot/cc24a097-d7aa-46b3-808d-d31acc19c97b___Matt.S_CG 2645.JPG,mohanty/PlantVillage,CC BY-SA 3.0
train,tomato_septoria_leaf_spot,tomato_septoria_leaf_spot_0042.jpg,Tomato___Septoria_leaf_spot,raw/color/Tomato___Septoria_leaf_spot/bb649ab8-c07f-4d62-a186-e2cc4963dd6b___Matt.S_CG 2652.JPG,mohanty/PlantVillage,CC BY-SA 3.0
train,tomato_septoria_leaf_spot,tomato_septoria_leaf_spot_0043.jpg,Tomato___Septoria_leaf_spot,raw/color/Tomato___Septoria_leaf_spot/e1376128-8bc6-4577-aa18-cdad9ca79d0b___Matt.S_CG 2657.JPG,mohanty/PlantVillage,CC BY-SA 3.0
train,tomato_septoria_leaf_spot,tomato_septoria_leaf_spot_0044.jpg,Tomato___Septoria_leaf_spot,raw/color/Tomato___Septoria_leaf_spot/83ef4e76-8e69-47df-9b25-f11d58a803b3___Matt.S_CG 2656.JPG,mohanty/PlantVillage,CC BY-SA 3.0
train,tomato_septoria_leaf_spot,tomato_septoria_leaf_spot_0045.jpg,Tomato___Septoria_leaf_spot,raw/color/Tomato___Septoria_leaf_spot/d5374042-be67-428a-9ba3-ce2399f8b9d4___JR_Sept.L.S 2533.JPG,mohanty/PlantVillage,CC BY-SA 3.0
train,tomato_septoria_leaf_spot,tomato_septoria_leaf_spot_0046.jpg,Tomato___Septoria_leaf_spot,raw/color/Tomato___Septoria_leaf_spot/65cf5c52-6078-44db-a971-b10da6d01ff0___Matt.S_CG 7514.JPG,mohanty/PlantVillage,CC BY-SA 3.0
train,tomato_septoria_leaf_spot,tomato_septoria_leaf_spot_0047.jpg,Tomato___Septoria_leaf_spot,raw/color/Tomato___Septoria_leaf_spot/712e2567-6375-4307-874f-da9b6f3cafcf___Matt.S_CG 7519.JPG,mohanty/PlantVillage,CC BY-SA 3.0
train,tomato_septoria_leaf_spot,tomato_septoria_leaf_spot_0048.jpg,Tomato___Septoria_leaf_spot,raw/color/Tomato___Septoria_leaf_spot/772645d9-842a-45e8-b5d0-910e46be059e___Matt.S_CG 7515.JPG,mohanty/PlantVillage,CC BY-SA 3.0
train,tomato_septoria_leaf_spot,tomato_septoria_leaf_spot_0049.jpg,Tomato___Septoria_leaf_spot,raw/color/Tomato___Septoria_leaf_spot/d45a2219-7d01-49fc-a545-e7917596f35d___Matt.S_CG 7517.JPG,mohanty/PlantVillage,CC BY-SA 3.0
train,tomato_septoria_leaf_spot,tomato_septoria_leaf_spot_0050.jpg,Tomato___Septoria_leaf_spot,raw/color/Tomato___Septoria_leaf_spot/ca8da8d9-ca5f-41fa-a759-c82aa369f253___Matt.S_CG 1500.JPG,mohanty/PlantVillage,CC BY-SA 3.0
train,tomato_septoria_leaf_spot,tomato_septoria_leaf_spot_0051.jpg,Tomato___Septoria_leaf_spot,raw/color/Tomato___Septoria_leaf_spot/9c922c85-b976-41ec-bc8a-65650a8a3f9a___Matt.S_CG 1504.JPG,mohanty/PlantVillage,CC BY-SA 3.0
train,tomato_septoria_leaf_spot,tomato_septoria_leaf_spot_0052.jpg,Tomato___Septoria_leaf_spot,raw/color/Tomato___Septoria_leaf_spot/4c17268b-94cd-4cc6-979a-d84a81c9fa7f___Matt.S_CG 1503.JPG,mohanty/PlantVillage,CC BY-SA 3.0
train,tomato_septoria_leaf_spot,tomato_septoria_leaf_spot_0053.jpg,Tomato___Septoria_leaf_spot,raw/color/Tomato___Septoria_leaf_spot/7d807e8c-9e18-40e3-bc9b-599987279985___Matt.S_CG 1510.JPG,mohanty/PlantVillage,CC BY-SA 3.0
train,tomato_septoria_leaf_spot,tomato_septoria_leaf_spot_0054.jpg,Tomato___Septoria_leaf_spot,raw/color/Tomato___Septoria_leaf_spot/4bf63128-b5bc-4518-8d0b-ec5113f508c6___Matt.S_CG 2502.JPG,mohanty/PlantVillage,CC BY-SA 3.0
train,tomato_septoria_leaf_spot,tomato_septoria_leaf_spot_0055.jpg,Tomato___Septoria_leaf_spot,raw/color/Tomato___Septoria_leaf_spot/3e06fe16-f6e0-4681-8049-f362ee0aafba___Matt.S_CG 2505.JPG,mohanty/PlantVillage,CC BY-SA 3.0
train,tomato_septoria_leaf_spot,tomato_septoria_leaf_spot_0056.jpg,Tomato___Septoria_leaf_spot,raw/color/Tomato___Septoria_leaf_spot/b6b5c469-9b5a-4b91-ac32-c11f1a9fc8df___Matt.S_CG 2503.JPG,mohanty/PlantVillage,CC BY-SA 3.0
train,tomato_septoria_leaf_spot,tomato_septoria_leaf_spot_0057.jpg,Tomato___Septoria_leaf_spot,raw/color/Tomato___Septoria_leaf_spot/92a8d3b2-6f19-4f93-9e5f-1adf2e491a9d___Matt.S_CG 2495.JPG,mohanty/PlantVillage,CC BY-SA 3.0
train,tomato_septoria_leaf_spot,tomato_septoria_leaf_spot_0058.jpg,Tomato___Septoria_leaf_spot,raw/color/Tomato___Septoria_leaf_spot/fb9766cd-052f-42df-96db-33602cf051e6___Matt.S_CG 6051.JPG,mohanty/PlantVillage,CC BY-SA 3.0
train,tomato_septoria_leaf_spot,tomato_septoria_leaf_spot_0059.jpg,Tomato___Septoria_leaf_spot,raw/color/Tomato___Septoria_leaf_spot/e6f8cbb2-8f12-4092-9a4f-ada51dffc54e___Matt.S_CG 6056.JPG,mohanty/PlantVillage,CC BY-SA 3.0
train,tomato_septoria_leaf_spot,tomato_septoria_leaf_spot_0060.jpg,Tomato___Septoria_leaf_spot,raw/color/Tomato___Septoria_leaf_spot/788de778-60e8-42ba-88ad-36440bdd5fa7___Matt.S_CG 6057.JPG,mohanty/PlantVillage,CC BY-SA 3.0
val,healthy,healthy_0001.jpg,Tomato___healthy,raw/color/Tomato___healthy/236971d6-725b-4685-9336-550dd522d62a___RS_HL 0640.JPG,mohanty/PlantVillage,CC BY-SA 3.0
val,healthy,healthy_0002.jpg,Tomato___healthy,raw/color/Tomato___healthy/6193b998-c9ab-46fc-9ca9-249efceb9220___RS_HL 0642.JPG,mohanty/PlantVillage,CC BY-SA 3.0
val,healthy,healthy_0003.jpg,Tomato___healthy,raw/color/Tomato___healthy/4565ba85-5676-49cf-beac-79832cd30067___RS_HL 0639.JPG,mohanty/PlantVillage,CC BY-SA 3.0
val,healthy,healthy_0004.jpg,Tomato___healthy,raw/color/Tomato___healthy/1cb9d4d1-280b-479c-95a9-01f71acf70bc___RS_HL 0641.JPG,mohanty/PlantVillage,CC BY-SA 3.0
val,healthy,healthy_0005.jpg,Tomato___healthy,raw/color/Tomato___healthy/e545c1a3-4e0a-4951-be42-4d41a14441d7___GH_HL Leaf 211.JPG,mohanty/PlantVillage,CC BY-SA 3.0
val,healthy,healthy_0006.jpg,Tomato___healthy,raw/color/Tomato___healthy/0576ef4b-c843-4dfb-b148-c917f7d605b7___GH_HL Leaf 299.JPG,mohanty/PlantVillage,CC BY-SA 3.0
val,healthy,healthy_0007.jpg,Tomato___healthy,raw/color/Tomato___healthy/cea3c7e9-94d8-4f97-bd50-e19a428c5162___RS_HL 0013.JPG,mohanty/PlantVillage,CC BY-SA 3.0
val,healthy,healthy_0008.jpg,Tomato___healthy,raw/color/Tomato___healthy/846276ae-4ccd-45ba-9a46-f913d04a9456___RS_HL 0012.JPG,mohanty/PlantVillage,CC BY-SA 3.0
val,healthy,healthy_0009.jpg,Tomato___healthy,raw/color/Tomato___healthy/acf28842-7821-4f31-ab73-2787e332e852___RS_HL 0011.JPG,mohanty/PlantVillage,CC BY-SA 3.0
val,healthy,healthy_0010.jpg,Tomato___healthy,raw/color/Tomato___healthy/109f3e0e-e7f4-41b9-b450-f68750e144ae___RS_HL 0014.JPG,mohanty/PlantVillage,CC BY-SA 3.0
val,healthy,healthy_0011.jpg,Tomato___healthy,raw/color/Tomato___healthy/9d447b38-bd33-46f0-880b-324481fbae19___RS_HL 0366.JPG,mohanty/PlantVillage,CC BY-SA 3.0
val,healthy,healthy_0012.jpg,Tomato___healthy,raw/color/Tomato___healthy/cf6c530d-522f-4990-9d02-3445623266d7___RS_HL 0364.JPG,mohanty/PlantVillage,CC BY-SA 3.0
val,healthy,healthy_0013.jpg,Tomato___healthy,raw/color/Tomato___healthy/5a86d688-c358-481d-9618-ee14a5742234___RS_HL 0363.JPG,mohanty/PlantVillage,CC BY-SA 3.0
val,healthy,healthy_0014.jpg,Tomato___healthy,raw/color/Tomato___healthy/84c43d92-9e49-4ce6-b094-5df767b2b0df___RS_HL 0365.JPG,mohanty/PlantVillage,CC BY-SA 3.0
val,healthy,healthy_0015.jpg,Tomato___healthy,raw/color/Tomato___healthy/1479f22a-c0d6-4dac-a752-578f575f276d___GH_HL Leaf 173.5.JPG,mohanty/PlantVillage,CC BY-SA 3.0
val,tomato_early_blight,tomato_early_blight_0001.jpg,Tomato___Early_blight,raw/color/Tomato___Early_blight/bac5677d-59b4-4183-839f-24860287ed6a___RS_Erly.B 9503.JPG,mohanty/PlantVillage,CC BY-SA 3.0
val,tomato_early_blight,tomato_early_blight_0002.jpg,Tomato___Early_blight,raw/color/Tomato___Early_blight/8c757ec5-a977-412f-bf8e-208fefc79063___RS_Erly.B 9504.JPG,mohanty/PlantVillage,CC BY-SA 3.0
val,tomato_early_blight,tomato_early_blight_0003.jpg,Tomato___Early_blight,raw/color/Tomato___Early_blight/0e39c18a-9e04-4f6b-b557-dc0e944d22e5___RS_Erly.B 9501.JPG,mohanty/PlantVillage,CC BY-SA 3.0
val,tomato_early_blight,tomato_early_blight_0004.jpg,Tomato___Early_blight,raw/color/Tomato___Early_blight/13e96f82-68c6-4331-9b05-92a6767a400b___RS_Erly.B 9502.JPG,mohanty/PlantVillage,CC BY-SA 3.0
val,tomato_early_blight,tomato_early_blight_0005.jpg,Tomato___Early_blight,raw/color/Tomato___Early_blight/5390d8c0-5781-47cf-8d0a-482e000a01f3___RS_Erly.B 7400.JPG,mohanty/PlantVillage,CC BY-SA 3.0
val,tomato_early_blight,tomato_early_blight_0006.jpg,Tomato___Early_blight,raw/color/Tomato___Early_blight/e31c2f10-8b8d-4aec-9bc7-764d2995ebec___RS_Erly.B 7398.JPG,mohanty/PlantVillage,CC BY-SA 3.0
val,tomato_early_blight,tomato_early_blight_0007.jpg,Tomato___Early_blight,raw/color/Tomato___Early_blight/289ba10b-f518-445a-8c54-cc981e2ffe34___RS_Erly.B 7399.JPG,mohanty/PlantVillage,CC BY-SA 3.0
val,tomato_early_blight,tomato_early_blight_0008.jpg,Tomato___Early_blight,raw/color/Tomato___Early_blight/c6e96373-484c-45da-b043-0a294a59ad2c___RS_Erly.B 7401.JPG,mohanty/PlantVillage,CC BY-SA 3.0
val,tomato_early_blight,tomato_early_blight_0009.jpg,Tomato___Early_blight,raw/color/Tomato___Early_blight/04747279-48b2-4ce1-932b-e511424beb6b___RS_Erly.B 8240.JPG,mohanty/PlantVillage,CC BY-SA 3.0
val,tomato_early_blight,tomato_early_blight_0010.jpg,Tomato___Early_blight,raw/color/Tomato___Early_blight/1941f5d9-f31f-453e-b07c-3f90da6aa381___RS_Erly.B 8238.JPG,mohanty/PlantVillage,CC BY-SA 3.0
val,tomato_early_blight,tomato_early_blight_0011.jpg,Tomato___Early_blight,raw/color/Tomato___Early_blight/b5367f51-874a-4202-a6b6-02327196fd93___RS_Erly.B 8235.JPG,mohanty/PlantVillage,CC BY-SA 3.0
val,tomato_early_blight,tomato_early_blight_0012.jpg,Tomato___Early_blight,raw/color/Tomato___Early_blight/7a5ff9e1-b55d-490c-ac89-8b5003e407d9___RS_Erly.B 8231.JPG,mohanty/PlantVillage,CC BY-SA 3.0
val,tomato_early_blight,tomato_early_blight_0013.jpg,Tomato___Early_blight,raw/color/Tomato___Early_blight/d96c3244-39ec-4188-9870-a6e32aad81d6___RS_Erly.B 7540.JPG,mohanty/PlantVillage,CC BY-SA 3.0
val,tomato_early_blight,tomato_early_blight_0014.jpg,Tomato___Early_blight,raw/color/Tomato___Early_blight/b81b4276-e0c9-460a-ab94-79b6a5d0f2d6___RS_Erly.B 7538.JPG,mohanty/PlantVillage,CC BY-SA 3.0
val,tomato_early_blight,tomato_early_blight_0015.jpg,Tomato___Early_blight,raw/color/Tomato___Early_blight/70d0d259-85a6-4be5-8d47-dba059c5c259___RS_Erly.B 7539.JPG,mohanty/PlantVillage,CC BY-SA 3.0
val,bacterial_leaf_spot,bacterial_leaf_spot_0001.jpg,Tomato___Bacterial_spot,raw/color/Tomato___Bacterial_spot/b39d9edd-bcee-456c-b078-e3e286171114___GCREC_Bact.Sp 3656.JPG,mohanty/PlantVillage,CC BY-SA 3.0
val,bacterial_leaf_spot,bacterial_leaf_spot_0002.jpg,Tomato___Bacterial_spot,raw/color/Tomato___Bacterial_spot/4d0a8955-1ad3-4181-9d08-4bedf2cdc4b6___GCREC_Bact.Sp 3657.JPG,mohanty/PlantVillage,CC BY-SA 3.0
val,bacterial_leaf_spot,bacterial_leaf_spot_0003.jpg,Tomato___Bacterial_spot,raw/color/Tomato___Bacterial_spot/892f8dc8-7076-46f4-84f4-a9d8c4546ab5___GCREC_Bact.Sp 3658.JPG,mohanty/PlantVillage,CC BY-SA 3.0
val,bacterial_leaf_spot,bacterial_leaf_spot_0004.jpg,Tomato___Bacterial_spot,raw/color/Tomato___Bacterial_spot/b179b3d0-80cf-4dbf-9e88-b3e9b4a93b3b___GCREC_Bact.Sp 3659.JPG,mohanty/PlantVillage,CC BY-SA 3.0
val,bacterial_leaf_spot,bacterial_leaf_spot_0005.jpg,Tomato___Bacterial_spot,raw/color/Tomato___Bacterial_spot/8e01eb47-11f6-4e93-ac8f-09db0a9854dd___UF.GRC_BS_Lab Leaf 0519.JPG,mohanty/PlantVillage,CC BY-SA 3.0
val,bacterial_leaf_spot,bacterial_leaf_spot_0006.jpg,Tomato___Bacterial_spot,raw/color/Tomato___Bacterial_spot/357e7fb6-0d3f-44f5-9f13-ae84759da804___UF.GRC_BS_Lab Leaf 0525.JPG,mohanty/PlantVillage,CC BY-SA 3.0
val,bacterial_leaf_spot,bacterial_leaf_spot_0007.jpg,Tomato___Bacterial_spot,raw/color/Tomato___Bacterial_spot/fad2f68e-4496-4c7b-9c87-20b2aa8c53f7___UF.GRC_BS_Lab Leaf 0530.JPG,mohanty/PlantVillage,CC BY-SA 3.0
val,bacterial_leaf_spot,bacterial_leaf_spot_0008.jpg,Tomato___Bacterial_spot,raw/color/Tomato___Bacterial_spot/877bc01d-0ab2-4a8f-bbd8-44646bdb84d7___UF.GRC_BS_Lab Leaf 0529.JPG,mohanty/PlantVillage,CC BY-SA 3.0
val,bacterial_leaf_spot,bacterial_leaf_spot_0009.jpg,Tomato___Bacterial_spot,raw/color/Tomato___Bacterial_spot/b391ff43-597e-431d-b3eb-d852e5c9c754___GCREC_Bact.Sp 3758.JPG,mohanty/PlantVillage,CC BY-SA 3.0
val,bacterial_leaf_spot,bacterial_leaf_spot_0010.jpg,Tomato___Bacterial_spot,raw/color/Tomato___Bacterial_spot/dc3f2b4a-e8ee-4934-8d79-cd1d1bc6a303___GCREC_Bact.Sp 3760.JPG,mohanty/PlantVillage,CC BY-SA 3.0
val,bacterial_leaf_spot,bacterial_leaf_spot_0011.jpg,Tomato___Bacterial_spot,raw/color/Tomato___Bacterial_spot/e2f66625-6241-4cd5-8302-c76cdd2e463c___GCREC_Bact.Sp 3761.JPG,mohanty/PlantVillage,CC BY-SA 3.0
val,bacterial_leaf_spot,bacterial_leaf_spot_0012.jpg,Tomato___Bacterial_spot,raw/color/Tomato___Bacterial_spot/4fbd7787-b45b-4614-916f-4c063f164046___GCREC_Bact.Sp 3759.JPG,mohanty/PlantVillage,CC BY-SA 3.0
val,bacterial_leaf_spot,bacterial_leaf_spot_0013.jpg,Tomato___Bacterial_spot,raw/color/Tomato___Bacterial_spot/2a2d11a9-e334-491f-8d43-66320cd26010___GCREC_Bact.Sp 6124.JPG,mohanty/PlantVillage,CC BY-SA 3.0
val,bacterial_leaf_spot,bacterial_leaf_spot_0014.jpg,Tomato___Bacterial_spot,raw/color/Tomato___Bacterial_spot/5a82e7de-a72d-40cf-8e22-afe0e371fbf9___GCREC_Bact.Sp 6126.JPG,mohanty/PlantVillage,CC BY-SA 3.0
val,bacterial_leaf_spot,bacterial_leaf_spot_0015.jpg,Tomato___Bacterial_spot,raw/color/Tomato___Bacterial_spot/d8db4770-1ba3-4648-8a8f-05bfcd2d6e49___GCREC_Bact.Sp 6123.JPG,mohanty/PlantVillage,CC BY-SA 3.0
val,tomato_septoria_leaf_spot,tomato_septoria_leaf_spot_0001.jpg,Tomato___Septoria_leaf_spot,raw/color/Tomato___Septoria_leaf_spot/289314a0-89cc-423e-8aad-18fb13b57059___JR_Sept.L.S 8409.JPG,mohanty/PlantVillage,CC BY-SA 3.0
val,tomato_septoria_leaf_spot,tomato_septoria_leaf_spot_0002.jpg,Tomato___Septoria_leaf_spot,raw/color/Tomato___Septoria_leaf_spot/e94aaf1a-0c1b-4020-87f0-93c74f929f1c___JR_Sept.L.S 8496.JPG,mohanty/PlantVillage,CC BY-SA 3.0
val,tomato_septoria_leaf_spot,tomato_septoria_leaf_spot_0003.jpg,Tomato___Septoria_leaf_spot,raw/color/Tomato___Septoria_leaf_spot/56091676-e2c1-43e7-aeb2-7621b0ce5d8f___Matt.S_CG 6840.JPG,mohanty/PlantVillage,CC BY-SA 3.0
val,tomato_septoria_leaf_spot,tomato_septoria_leaf_spot_0004.jpg,Tomato___Septoria_leaf_spot,raw/color/Tomato___Septoria_leaf_spot/256b92d9-41f3-47a4-870f-c0c0f0ac201e___Matt.S_CG 6842.JPG,mohanty/PlantVillage,CC BY-SA 3.0
val,tomato_septoria_leaf_spot,tomato_septoria_leaf_spot_0005.jpg,Tomato___Septoria_leaf_spot,raw/color/Tomato___Septoria_leaf_spot/9acdb655-bca7-4223-a8e2-c201f6b3d188___Matt.S_CG 6834.JPG,mohanty/PlantVillage,CC BY-SA 3.0
val,tomato_septoria_leaf_spot,tomato_septoria_leaf_spot_0006.jpg,Tomato___Septoria_leaf_spot,raw/color/Tomato___Septoria_leaf_spot/cd89e385-73ad-46bb-9f59-10e44880b2ce___Matt.S_CG 6835.JPG,mohanty/PlantVillage,CC BY-SA 3.0
val,tomato_septoria_leaf_spot,tomato_septoria_leaf_spot_0007.jpg,Tomato___Septoria_leaf_spot,raw/color/Tomato___Septoria_leaf_spot/a6e00d31-f88a-4e11-98e1-d3897a0d5684___Keller.St_CG 1822.JPG,mohanty/PlantVillage,CC BY-SA 3.0
val,tomato_septoria_leaf_spot,tomato_septoria_leaf_spot_0008.jpg,Tomato___Septoria_leaf_spot,raw/color/Tomato___Septoria_leaf_spot/f41bad8b-ee8f-4f11-91fb-cfd485121c67___JR_Sept.L.S 8476.JPG,mohanty/PlantVillage,CC BY-SA 3.0
val,tomato_septoria_leaf_spot,tomato_septoria_leaf_spot_0009.jpg,Tomato___Septoria_leaf_spot,raw/color/Tomato___Septoria_leaf_spot/b7e27afc-2044-4b28-8930-805708d7dce8___Matt.S_CG 0662.JPG,mohanty/PlantVillage,CC BY-SA 3.0
val,tomato_septoria_leaf_spot,tomato_septoria_leaf_spot_0010.jpg,Tomato___Septoria_leaf_spot,raw/color/Tomato___Septoria_leaf_spot/944d1a18-653e-4f97-9ecb-ed8de360de7a___Matt.S_CG 0663.JPG,mohanty/PlantVillage,CC BY-SA 3.0
val,tomato_septoria_leaf_spot,tomato_septoria_leaf_spot_0011.jpg,Tomato___Septoria_leaf_spot,raw/color/Tomato___Septoria_leaf_spot/9cefe4b5-2da6-448b-b92d-82314f527bc1___Matt.S_CG 0665.JPG,mohanty/PlantVillage,CC BY-SA 3.0
val,tomato_septoria_leaf_spot,tomato_septoria_leaf_spot_0012.jpg,Tomato___Septoria_leaf_spot,raw/color/Tomato___Septoria_leaf_spot/45c5dbd2-e45d-438b-ae11-04e96417cb2f___Matt.S_CG 0666.JPG,mohanty/PlantVillage,CC BY-SA 3.0
val,tomato_septoria_leaf_spot,tomato_septoria_leaf_spot_0013.jpg,Tomato___Septoria_leaf_spot,raw/color/Tomato___Septoria_leaf_spot/9e2195c1-10fe-4dc8-8552-e2c04cb8e085___JR_Sept.L.S 2532.JPG,mohanty/PlantVillage,CC BY-SA 3.0
val,tomato_septoria_leaf_spot,tomato_septoria_leaf_spot_0014.jpg,Tomato___Septoria_leaf_spot,raw/color/Tomato___Septoria_leaf_spot/bbe43e9e-f606-4881-9b3d-ff2dfc79738c___Matt.S_CG 6844.JPG,mohanty/PlantVillage,CC BY-SA 3.0
val,tomato_septoria_leaf_spot,tomato_septoria_leaf_spot_0015.jpg,Tomato___Septoria_leaf_spot,raw/color/Tomato___Septoria_leaf_spot/a05152d0-46be-4016-b398-8c3edd794070___Matt.S_CG 6848.JPG,mohanty/PlantVillage,CC BY-SA 3.0
